idx,cartoonstock_id,contest_number,description,caption,element,pass_rate,num_attempts
514,CC123065,,"Inside a workshop-like room, three elves in pointy hats sit at a long table with open laptop computers. The middle elf appears distressed and is speaking, while the two elves on either side look toward him.","It’s from Santa, and it goes way, way beyond jolly.","""Beyond Jolly"" is a Santa-specific way of describing romantic advances",0.0,24
182,,144.0,"In a therapist’s office, a man reclines on a couch, wearing a fishing hat and waders, speaking to the therapist as if explaining something. The therapist sits nearby in an armchair, holding a notepad and pen, listening attentively. The room is filled with fish floating in the air, swimming around as though it were underwater. Both the therapist and the patient appear unfazed by the surreal presence of the fish.",You think this is bad? I used to be a proctologist.,"The man sees the subject of his profession in his sleep, which for proctology, would be the gastrointestinal tract",0.0,12
490,CC123065,,"Inside a workshop-like room, three elves in pointy hats sit at a long table with open laptop computers. The middle elf appears distressed and is speaking, while the two elves on either side look toward him.","It’s from Santa, and it goes way, way beyond jolly.",This frames Santa as a boss making an inappropriate advance on an employee,0.0,24
517,CC135060,,"Two elderly men, seen from behind, sit side by side at a bar lined with multiple liquor bottles. They each have a drink (in martini glasses) in front of them. Nearby, framed pictures hang on a brick-patterned wall. One man is speaking to the other","This time, when the swinging sixties come around, I'm not going to miss them.",He implies that he preferred the 1960's to the age range of 60s,0.08333333333333333,12
310,,41.0,"In a grand church, there is a large bar stocked with bottles of liquor. A few patrons are seated at the bar, and sunbeams stream through the stained glass windows, dramatically illuminating one of the patrons. A couple dressed in formal church attire stands at the open doors, with the husband speaking.",Finally—a faith-based initiative I can embrace.,The government funding the church to run a bar would be illegal and absurd,0.08333333333333333,24
472,CS166113,,"Two men in a lab-like setting stand facing each other at a table with laboratory items—such as a flask and containers—spread out in front. One man, wearing a tie and glasses, hands a piece of paper while speaking to the other man, who has a beard and is also wearing a tie and jacket. Behind them, a woman works at a computer, and on the wall is a large chart displaying a fluctuating graph.",My diabetic research shows that test subjects are 98% more likely to take their diabetic pills if the pills are covered in chocolate.,"Diabetic people are often overweight, implying they like chocolate",0.08333333333333333,12
53,,41.0,"In a grand church, there is a large bar stocked with bottles of liquor. A few patrons are seated at the bar, and sunbeams stream through the stained glass windows, dramatically illuminating one of the patrons. A couple dressed in formal church attire stands at the open doors, with the husband speaking.",Finally—a faith-based initiative I can embrace.,"This refers to President George W. Bush's ""Faith-Based and Community Initiatives,"" a program that funds cetrain faith-based organizations",0.08333333333333333,24
364,,117.0,"In an unusually large and sparsely furnished room, a circular, solid barrier decorated with stars encloses a small seating area. Inside the enclosure, two individuals, appearing very small in comparison to the vast room, sit in armchairs, each holding a glass of wine, seemingly engaged in a casual conversation. The enclosed space includes side tables with lamps, emphasizing a cozy yet isolated atmosphere within the expansive and minimally decorated surroundings.",The people who lived here before had lions.,"Lions are indeed cats, and suit the circus setting",0.125,24
144,,117.0,"In an unusually large and sparsely furnished room, a circular, solid barrier decorated with stars encloses a small seating area. Inside the enclosure, two individuals, appearing very small in comparison to the vast room, sit in armchairs, each holding a glass of wine, seemingly engaged in a casual conversation. The enclosed space includes side tables with lamps, emphasizing a cozy yet isolated atmosphere within the expansive and minimally decorated surroundings.",The people who lived here before had lions.,This is a twist on a common situation of previous tennants owning cats,0.125,24
266,,702.0,"In a barbershop, a barber holding scissors and a towel stands near a door with a ""SORRY WE'RE CLOSED"" sign. He looks at a customer who has a bird nesting on his curly hair. The customer stands with his hands in his pockets, seemingly unfazed by the bird on his head. The customer is speaking.",Just be glad I didn’t come here when I had a ponytail.,"This implies that, like the bird, the man literally had a horse on his head for his “ponytail”",0.16666666666666666,12
105,,86.0,"Two golfers stand on a grassy field, each holding golf clubs in bags slung over their shoulders. However, instead of a golf course, they are looking at a field filled with barbed wire, tanks, and machine guns. A golf flag is visible in the background, alongside scattered trees and clouds.","Tom, I think you should stop shouting ‘Bombs away!’ every time you drive the ball.","The military must have interpreted the man's ""Bombs away!"" literally, and responded with force.",0.16666666666666666,12
44,,34.0,"In a woman's bedroom, a vampire is walking out of the door to the outside, spreading his cape as if to take flight, looking back at the woman who is sitting up in her bed, naked. The woman is speaking with a mildly disappointed look, and the vampire is looking back at her with a slight frown.",And where do you think you're going with those curtains?,"This offers a different interpretation of the scene, suggesting that the man is not a vampire but rather her partner, just acting silly by pretending to be a vampire.",0.16666666666666666,12
80,,61.0,"A doctor wearing a head mirror and standing behind a desk is in a typical doctor's offide. However, a giant hand is reaching through the doorway, facing up. The doctor is reaching over the desk to check the enormous hand's pulse.",I don't know why you're so jolly—your cholesterol is through the roof.,"This is a play on words. While ""through the roof"" typically means very elevated levels, here the giant patient is literally breaking through the roof.",0.16666666666666666,12
54,,46.0,"The cartoon depicts a shareholder meeting, with a banner reading “Welcome Stockholders.” However, the board members sitting on stage are all completely naked, and one man, also naked, is speaking at the podium. ","If all goes well, we'll get them back after the audit.",The board members specifically are naked because they had to lose their clothes for “transparency” during the audit.,0.16666666666666666,12
58,,47.0,"In an office setting, two people are sitting calmly at a desk, seemingly engaged in a business conversation. Meanwhile, through the large glass window behind them, a chaotic chase is unfolding as individuals dressed in business attire armed with various weapons— a hammer, bat, and gun—are running after another man, with his tie trailing him. One man sitting down is speaking to the other.",How soon can you start?,This directly implies that the employee being chased in the background is leaving a vacancy at the company.,0.16666666666666666,12
286,,15.0,"In a restaurant, a man and a woman are sitting down to eat dressed in nice clothing. The man is leaning over the table with his hand on a glass looking at the woman with a soft smile. However, the man is bald, and has a cartoonishly large forehead, with the outline of the woman visible on his forehead. The woman, siting upright, is speaking.","Well, it's a lovely gesture, but I still think we should start seeing other people.","The woman suggesting that they see other people implies that the man got the tattoo as a gesture to save the relationship, but that it wasn't enough, emphasizing the catastrophic mistake the man has made by getting such a visible tattoo.",0.20833333333333334,24
17,,15.0,"In a restaurant, a man and a woman are sitting down to eat dressed in nice clothing. The man is leaning over the table with his hand on a glass looking at the woman with a soft smile. However, the man is bald, and has a cartoonishly large forehead, with the outline of the woman visible on his forehead. The woman, siting upright, is speaking.","Well, it's a lovely gesture, but I still think we should start seeing other people.","This implies that the image on his forehead is a tattoo, as getting a tattoo of your significant other is a common practice",0.20833333333333334,24
164,,129.0,"In a hospital room, a patient sits upright in bed with a neutral expression, listening to a doctor who is speaking to him. Next to the doctor stands a person wearing a full deep-sea diving suit, complete with a helmet and portholes, adding an odd and surreal element to the scene. On the bed, a couple of books lie near the patient, and a coffee pot and cups sit on the bedside table.","Actually, the preferred term is ‘adventure surgery’","The diver is literally exploring the patient's body, explaining the suit",0.25,12
510,CS174848,,"On one mountain peak, a robed, bearded man sits cross-legged, holding a tablet or scroll and pointing into the distance. A hiker wearing a cap and backpack, holding a walking stick, stands on the mountainside looking up at him. On another nearby peak, a lone figure sits in a meditative pose.",Truth and enlightenment are on another peak. I do medicare explanations.,This jokes that Medicare is as mysterious as truth and enlightenment,0.25,24
85,,65.0,"In a business setting, a mixure of business people and cartoonish robots sit around a board room table, taking a vote. All of the robots are raising their hands, while only one human is nervously raising his hand, sitting between two robots. At the head of the table, an old man leading the table leans over and yells furiously at the human raising his hand.","You're voting with your pacemaker again, Hargrove!","This is a direct twist on ""voting with your heart""",0.25,12
198,,158.0,"In a beach setting near the water’s edge, a man in swim trunks stands with his feet buried in the sand, looking down at a head protruding from the sand to his left, which appears to be speaking to him. Several other heads emerge from the sand around them, each with a distinct expression. A small bucket with a shovel rests nearby, and the ocean stretches across the horizon","You got that? Three bottled waters, two sodas, one coffee, and six straws.","The people buried in the sand need straws because their arms are buried, so they can't hold their drinks.",0.25,12
51,,41.0,"In a grand church, there is a large bar stocked with bottles of liquor. A few patrons are seated at the bar, and sunbeams stream through the stained glass windows, dramatically illuminating one of the patrons. A couple dressed in formal church attire stands at the open doors, with the husband speaking.",Just don't order a Bloody Mary.,"This is a play on the dual meaning of ""Bloody Mary"", referring to both the alcoholic drink and the ghost of Mary I. of England, a common horror/supernatural character known for persecuting Protestants",0.25,12
494,CC38926,,"Two dogs sit outdoors, facing each other on a patch of grass with a tree in the background. One dog, older than the other, is speaking.",My advice is to learn all the tricks you can while you’re young.,"This references the idiom ""you can't teach an old dog new tricks""",0.25,12
483,CS174848,,"On one mountain peak, a robed, bearded man sits cross-legged, holding a tablet or scroll and pointing into the distance. A hiker wearing a cap and backpack, holding a walking stick, stands on the mountainside looking up at him. On another nearby peak, a lone figure sits in a meditative pose.",Truth and enlightenment are on another peak. I do medicare explanations.,Navigating medicare is notoriously difficult or frustrating,0.25,24
27,,25.0,"In a social setting, several people are standing in a room wearing business attire and holding drinks. Two couples face each other, but the man in one of the couples is dressed in a full, vintage-style deep-sea diving suit, complete with a helmet and a hose attached to the back, looking somewhat uncomfortable.",This suit looked way better in the store.,"This is a play on words on ""suit,"" as in a formal suit or a diving suit.",0.25,12
128,,109.0,"In an airplane cabin, a woman, a man, and a human-sized microbe with spots and flagella are sitting in a row, all wearing seatbelts. The man is turned to the woman, angrily pointing back at the giant microbe.  Passengers in the rows in front and behind seem undisturbed.",This guys wife lets him drink on the plane!,"He is implying the microbe is just a drunk passanger, who looks like that when he's drunk",0.2916666666666667,24
349,,109.0,"In an airplane cabin, a woman, a man, and a human-sized microbe with spots and flagella are sitting in a row, all wearing seatbelts. The man is turned to the woman, angrily pointing back at the giant microbe.  Passengers in the rows in front and behind seem undisturbed.",This guys wife lets him drink on the plane!,"The man is annoyed that the woman, his wife, won't let him drink.",0.2916666666666667,24
288,,16.0,"As a group of people exits a grand church doorway dressed in typical church attire, a pastor in a typical black suit and roman collar stands next to the Devil, complete with horns, trident, robe, and tail. They watch the procession pass by, as the pastor is explaining something to the devil. One passerby tips his hat at the pastor and devil.",Keep your eye out for a blond kid with a laser pointer.,"The caption implies the pastor was so upset at a kid disrupting the church that he identifies him to the devil to be condemned, a seemingly extreme punishment for a mundane offense. ",0.3333333333333333,12
218,,669.0,"A baby leans over the side of a crib to a microphone on a stand, as if ready to give a speech or perform. The crib has a block with letters. A mobile with boats and airplanes hangs above the crib. A teddy bear lies on the floor. In the background, a couple stands in the doorway, looking at the baby with expressions of surprise and curiosity. The woman is speaking with a smile.",I love his bedtime routine.,"This is an explicit play on the dual meaning of the word “routine"", which could be either a child's “bedtime routine” or a comedian's “stand-up routine”",0.3333333333333333,12
176,,142.0,"In an elegantly furnished sitting room, three men in suits are seated in armchairs, each holding a drink as they converse. The room features framed portraits on the walls, a chandelier hanging from the ceiling, and table lamps providing warm lighting. However, a taxi is inexplicably parked at the top of the staircase, partially visible through an open railing. The men appear unfazed, continuing their conversation as if nothing is out of the ordinary.","I'll concede I'm drunk, but you could have just taken my keys from me.",One of the men called the taxi to prevent him from driving drunk,0.3333333333333333,12
106,,86.0,"Two golfers stand on a grassy field, each holding golf clubs in bags slung over their shoulders. However, instead of a golf course, they are looking at a field filled with barbed wire, tanks, and machine guns. A golf flag is visible in the background, alongside scattered trees and clouds.","If we truly believe in golf, I don't think we have much of a choice.",This is something a soldier would say before going into battle.,0.3333333333333333,12
291,,20.0,"In a living room cocktail party setting, two couples in nice clothes are standing in a circle, holding champagne glasses. However one of the men is miniature, only reaching knee-hight. The other couple looks down on the tiny man, while the woman he is with is cheerfully speaking to the other couple. ",Larry can't tell you about his current project—it's top secret.,Government top-secret miniaturization projects are a well-established trope.,0.3333333333333333,24
50,,40.0,"The cartoon shows a woman in her underwear sitting up in bed, looking forward with a disgruntled expression. A large snow globe with a snowman inside is positioned next to her on the bed. The woman is speaking.",I think the Manhattan skyline is getting suspicious,"This implies that she is cheating on her partner, a snowglobe of the manhattan skyline, with the snowman",0.3333333333333333,24
308,,40.0,"The cartoon shows a woman in her underwear sitting up in bed, looking forward with a disgruntled expression. A large snow globe with a snowman inside is positioned next to her on the bed. The woman is speaking.",I think the Manhattan skyline is getting suspicious,The manhattan skyline snowglobe is another common knickknack,0.3333333333333333,24
24,,23.0,"Two butterflies stand on adjascent twigs. While the butterfly on the left appears normal, the butterfly on the left's wings are replaced with the pattern of Piet Mondrian iconic ""Composition with Red, Blue and Yellow"". The butterfly on the right is speaking to the other butterfly.",But how will we raise the kids?,This is a reference to a common conversation had in mixed race/ethnicity/religion households,0.3333333333333333,12
23,,20.0,"In a living room cocktail party setting, two couples in nice clothes are standing in a circle, holding champagne glasses. However one of the men is miniature, only reaching knee-hight. The other couple looks down on the tiny man, while the woman he is with is cheerfully speaking to the other couple. ",Larry can't tell you about his current project—it's top secret.,This implies that the man's top-secret project caused him to become tiny.,0.3333333333333333,24
29,,25.0,"In a social setting, several people are standing in a room wearing business attire and holding drinks. Two couples face each other, but the man in one of the couples is dressed in a full, vintage-style deep-sea diving suit, complete with a helmet and a hose attached to the back, looking somewhat uncomfortable.","We don't have much of a sex life, but he's good at finding keys in the swimming pool.","The woman implies that the man never takes off the suit, even at home",0.3611111111111111,36
443,,25.0,"In a social setting, several people are standing in a room wearing business attire and holding drinks. Two couples face each other, but the man in one of the couples is dressed in a full, vintage-style deep-sea diving suit, complete with a helmet and a hose attached to the back, looking somewhat uncomfortable.","We don't have much of a sex life, but he's good at finding keys in the swimming pool.",The woman attempts to justify a very unusual relationship ,0.3611111111111111,36
294,,25.0,"In a social setting, several people are standing in a room wearing business attire and holding drinks. Two couples face each other, but the man in one of the couples is dressed in a full, vintage-style deep-sea diving suit, complete with a helmet and a hose attached to the back, looking somewhat uncomfortable.","We don't have much of a sex life, but he's good at finding keys in the swimming pool.","Having sex in the suit would be impossible, but brings to mind an absurd image.",0.3611111111111111,36
233,,680.0,"In a fancy restaurant, a drenched bear stands dripping water onto the floor, forming a puddle. Across from the bear, a man in a suit sits at a table, calmly reading a menu labeled ""Market St"" with a glass of wine and a basket of bread in front of him. The bear appears to be waiting for something, while the man orders from the menu, unfazed by the bear's presence. ","Well, don't put it on the menu if you can't catch one.",This references seafood restaurant menus often listing availability-limited fish,0.375,24
420,,680.0,"In a fancy restaurant, a drenched bear stands dripping water onto the floor, forming a puddle. Across from the bear, a man in a suit sits at a table, calmly reading a menu labeled ""Market St"" with a glass of wine and a basket of bread in front of him. The bear appears to be waiting for something, while the man orders from the menu, unfazed by the bear's presence. ","Well, don't put it on the menu if you can't catch one.",This implies that the bear catches everything they serve,0.375,24
333,,86.0,"Two golfers stand on a grassy field, each holding golf clubs in bags slung over their shoulders. However, instead of a golf course, they are looking at a field filled with barbed wire, tanks, and machine guns. A golf flag is visible in the background, alongside scattered trees and clouds.","I support our troops as much as the next guy, but do we have to let them play through?",The person behind you at the course going faster than you is a common frustration for golfers,0.3888888888888889,36
104,,86.0,"Two golfers stand on a grassy field, each holding golf clubs in bags slung over their shoulders. However, instead of a golf course, they are looking at a field filled with barbed wire, tanks, and machine guns. A golf flag is visible in the background, alongside scattered trees and clouds.","I support our troops as much as the next guy, but do we have to let them play through?",The army is also playing on the golf course,0.3888888888888889,36
449,,86.0,"Two golfers stand on a grassy field, each holding golf clubs in bags slung over their shoulders. However, instead of a golf course, they are looking at a field filled with barbed wire, tanks, and machine guns. A golf flag is visible in the background, alongside scattered trees and clouds.","I support our troops as much as the next guy, but do we have to let them play through?","Doing favors for military members is a common practice, but can sometimes be taken advantage of",0.3888888888888889,36
152,,124.0,"In a scorching desert landscape under a blazing sun, a group of people is crawling on the ground, clearly parched and desperate. However, while half of the group is crawling in one direction, the other half is crawling in the opposite direction. The desert is dotted with cacti and sparse vegetation, emphasizing the harsh and barren conditions. One man in the center is speaking to another crawling the same direction.",What disease are you crawling for?,This frames the crawling as a fundraising event for a disease,0.4166666666666667,24
151,,124.0,"In a scorching desert landscape under a blazing sun, a group of people is crawling on the ground, clearly parched and desperate. However, while half of the group is crawling in one direction, the other half is crawling in the opposite direction. The desert is dotted with cacti and sparse vegetation, emphasizing the harsh and barren conditions. One man in the center is speaking to another crawling the same direction.","I don't know about you, but I'd be willing to pitch in for a new contact lens.","This suggests that the people are crawling opposite directions because they all 
simply don't have the right prescription to see, which could be fixed by one person getting one contact lens",0.4166666666666667,24
425,,686.0,"In a living room, a bald man is sitting on a giant egg, looking content. Two old women sipping tea, seated on a couch, are staring at him. The room is furnished with a coffee table, lamps, and a framed picture on the wall. One old woman is speaking.",I don’t know how to tell him it’s not his.,It mirrors the common situation where infidelity raises questions about paternity,0.4166666666666667,36
369,,124.0,"In a scorching desert landscape under a blazing sun, a group of people is crawling on the ground, clearly parched and desperate. However, while half of the group is crawling in one direction, the other half is crawling in the opposite direction. The desert is dotted with cacti and sparse vegetation, emphasizing the harsh and barren conditions. One man in the center is speaking to another crawling the same direction.",What disease are you crawling for?,"If they are crawling away from a diseased place, then they would be crawling towards whatever diseased place people crawling the opposite direction are leaving",0.4166666666666667,24
462,,686.0,"In a living room, a bald man is sitting on a giant egg, looking content. Two old women sipping tea, seated on a couch, are staring at him. The room is furnished with a coffee table, lamps, and a framed picture on the wall. One old woman is speaking.",I don’t know how to tell him it’s not his.,"It should be obvious to him that the egg isn't his specifically because he's human, and humans don’t lay eggs",0.4166666666666667,36
368,,124.0,"In a scorching desert landscape under a blazing sun, a group of people is crawling on the ground, clearly parched and desperate. However, while half of the group is crawling in one direction, the other half is crawling in the opposite direction. The desert is dotted with cacti and sparse vegetation, emphasizing the harsh and barren conditions. One man in the center is speaking to another crawling the same direction.","I don't know about you, but I'd be willing to pitch in for a new contact lens.",Both contact lenses and money would be impossible to come by in this barren setting,0.4166666666666667,24
92,,78.0,"A man and woman lie in a large bed that’s clearly inside a prison cell—vertical bars dominate the foreground. He’s bald, relaxed with his arms behind his head, while she is smoking a cigarette. At the foot of the bed, their feet poke out from under the covers. A small barred cell door reinforces the prison setting.",My mother is coming to stay next week.,"In a typical household setting, this would mean that the mother is coming to visit. However, in prison, this suggests that the mother will also be incarcerated.",0.4166666666666667,12
243,,686.0,"In a living room, a bald man is sitting on a giant egg, looking content. Two old women sipping tea, seated on a couch, are staring at him. The room is furnished with a coffee table, lamps, and a framed picture on the wall. One old woman is speaking.",I don’t know how to tell him it’s not his.,"This echoes brood parasitism, where a bird unwittingly raises the eggs of another species like the cuckoo bird",0.4166666666666667,36
183,,145.0,"A muscular, humanoid monster clings to the side of a building, positioned just inches away from a window. Inside, a man holding a glass of wine stands by the window, smiling and casually talking on the phone, seemingly unfazed by the creature’s presence. The monster’s imposing figure looms right next to him, with the city skyline in the background.",O.K. I'm at the window. To the right? Your right or my right?,He is talking to the person on the phone about the monster,0.4583333333333333,24
426,,687.0,"A woman holding a wine glass stands on a rooftop in a city, delighted, looking back at a man sitting at a table with a bottle and glass. Behind them, an enormous face peers over the building, looking similar to the man. The woman is speaking with a smile.",How much did you spend at Macy’s this year?,She's implying they dedicated a balloon to him (at the Macy’s day parade) because he spent so much at Macy's,0.4583333333333333,24
388,,145.0,"A muscular, humanoid monster clings to the side of a building, positioned just inches away from a window. Inside, a man holding a glass of wine stands by the window, smiling and casually talking on the phone, seemingly unfazed by the creature’s presence. The monster’s imposing figure looms right next to him, with the city skyline in the background.",O.K. I'm at the window. To the right? Your right or my right?,"The man is oblivious about the monster, despite it literally being on his wall",0.4583333333333333,24
244,,687.0,"A woman holding a wine glass stands on a rooftop in a city, delighted, looking back at a man sitting at a table with a bottle and glass. Behind them, an enormous face peers over the building, looking similar to the man. The woman is speaking with a smile.",How much did you spend at Macy’s this year?,This implies the enormous person is a balloon for the Macy's day parade,0.4583333333333333,24
39,,32.0,"In the cartoon, a person dressed in a full rabbit costume, carrying a briefcase and reading a sheet of paper, walks down a hallway in a typical office setting. Two business-suited colleagues stand nearby, looking somewhat puzzled, while another person peeks out from an office doorway.","Well, there he goes—the first casualty of the War on Easter.","The caption interprets the man in the rabbit suit as reading a pink slip, having just been fired",0.4722222222222222,36
337,,96.0,"A pregnant woman, wearing primitive clothing, sits on a large tree branch or vine, holding her belly and speaking. Tarzan, shirtless and wearing a loincloth, stands nearby, leaning against a tree. The background features trees and jungle foliage.","Well, you'll be a monkey's uncle.","It implies that Tarzan is the woman’s brother, meaning she was impregnated by an actual monkey—not Tarzan—making him, quite literally, a “monkey’s uncle”",0.4722222222222222,36
452,,96.0,"A pregnant woman, wearing primitive clothing, sits on a large tree branch or vine, holding her belly and speaking. Tarzan, shirtless and wearing a loincloth, stands nearby, leaning against a tree. The background features trees and jungle foliage.","Well, you'll be a monkey's uncle.","When taken literally, the caption implies that the man is the pregnant woman's sister and that the father of the baby is a monkey, which would be absurd",0.4722222222222222,36
301,,32.0,"In the cartoon, a person dressed in a full rabbit costume, carrying a briefcase and reading a sheet of paper, walks down a hallway in a typical office setting. Two business-suited colleagues stand nearby, looking somewhat puzzled, while another person peeks out from an office doorway.","Well, there he goes—the first casualty of the War on Easter.","This references the notion of ""War on Christmas""",0.4722222222222222,36
444,,32.0,"In the cartoon, a person dressed in a full rabbit costume, carrying a briefcase and reading a sheet of paper, walks down a hallway in a typical office setting. Two business-suited colleagues stand nearby, looking somewhat puzzled, while another person peeks out from an office doorway.","Well, there he goes—the first casualty of the War on Easter.",This implies that there is a round of layoffs at the company targeting Easter-related employees,0.4722222222222222,36
112,,96.0,"A pregnant woman, wearing primitive clothing, sits on a large tree branch or vine, holding her belly and speaking. Tarzan, shirtless and wearing a loincloth, stands nearby, leaning against a tree. The background features trees and jungle foliage.","Well, you'll be a monkey's uncle.","This a literal twist on the idiom, ""well I'll be a monkey's uncle""",0.4722222222222222,36
508,CS197002,,"A person wearing a helmet and a harness labeled “PARACHUTE” falls off the edge of a cliff, flailing their arms. Another person stands on the cliff behind him, pushing them off the edge, speaking with a smile. The person pushing is wearing a tie.",Great coaching is about helping others move forward.....,The cartoon downplays the dangerous act of pushing someone off a cliff as “great coaching.”,0.5,24
251,,691.0,"A couple is sitting in their living room, with the man using a laptop and the woman knitting. Outside the window, a large crowd of snowmen, some wearing hats and scarves, are peering in, seemingly watching the couple. The scene is set at night, with bare trees visible in the background. The woman knitting on the couch against the window looks back at the snowmen with a concerned expression, but the man, who is speaking, appears unfazed.","Great, now they all want a scarf.","They put a scarf on one snowman, and the other snowmen got jealous and now want one",0.5,12
503,CC125182,,"A title reading “Inside the FDA” hangs above a lab-like room. Two people in lab coats stand in the corner reviewing notes on a clipboard. At a central table, a man in a lab coat sits facing forward, with piles of pills and some vials and a syringe in front of him, speaking. Another man, also in a lab coat, stands beside him, holding a clipboard.",These medicines all taste pretty good—let’s approve them.,Taste-testing each medicine would be dangerous for the tester,0.5,24
515,CC37641,,"Five men ride in a row on a large toboggan sliding downhill. The middle man wears a suit and holds a briefcase, turned around and speaking to the men behind him, who are dressed in winter clothes. A snow-covered cabin with smoke rising from its chimney and a pine tree appear in the background.","Look, I’m not saying it’s going to be today. But someday—someday—you guys will be happy that you’ve taken along a lawyer.","This implies that they will crash the toboggan, which would require legal help",0.5,24
495,CC37641,,"Five men ride in a row on a large toboggan sliding downhill. The middle man wears a suit and holds a briefcase, turned around and speaking to the men behind him, who are dressed in winter clothes. A snow-covered cabin with smoke rising from its chimney and a pine tree appear in the background.","Look, I’m not saying it’s going to be today. But someday—someday—you guys will be happy that you’ve taken along a lawyer.",He's talking about crashing the toboggan,0.5,24
283,,8.0,"A woman is speaking on the phone, smiling while looking into a fish bowl. Inside the fishbowl are three fish, as well as a miniature desert island with two little palm trees. On the island, a tiny bald man in glasses is sitting with a straight face, his hands on his knees.",We decided on separate vacations this year.,"This explains the woman's happiness, implying that her vacation is better than the man's seemingly undesiralble situation",0.5,24
340,,101.0,"On the ledge of a tall building in an urban cityscape, a man in a suit standing inside a window speaks to three individuals precariously standing on the ledge: a clergyman, a police officer, and a firefighter, all dressed in their respective uniforms, and positioned like they might jump off.",Excuse me—does this joke need a lawyer?,"This plays on the stereotype of lawyers inserting themselves in every situation, no matter how bizarre",0.5,36
481,CS197002,,"A person wearing a helmet and a harness labeled “PARACHUTE” falls off the edge of a cliff, flailing their arms. Another person stands on the cliff behind him, pushing them off the edge, speaking with a smile. The person pushing is wearing a tie.",Great coaching is about helping others move forward.....,This would be extremely dangerous for the first time without instruction,0.5,24
473,CC125182,,"A title reading “Inside the FDA” hangs above a lab-like room. Two people in lab coats stand in the corner reviewing notes on a clipboard. At a central table, a man in a lab coat sits facing forward, with piles of pills and some vials and a syringe in front of him, speaking. Another man, also in a lab coat, stands beside him, holding a clipboard.",These medicines all taste pretty good—let’s approve them.,"This implies that the FDA approves drugs based on flavor, rather than effect",0.5,24
296,,27.0,"Several men in suits are seated around a boardroom table with coffee mugs and documents. At the head of the table, one man is standing with his arms crossed. Everyone seated has a parrot sitting on their shoulder. One seated person with a parrot is speaking angrily to the man to his left.","Well, it's not my fault booty revenues are down this quarter.","The clean, formal business setting contradicts the typically filthy conditions associated with pirates.",0.5,24
358,,113.0,"In a hotel hallway scene, a man in a suit and glasses stands outside a room door, unlocking it with his key, with a small suitcase on the ground next to him. Nearby, a hotel maid with curly hair and an apron stands upright behind the doorway, positioned as if using it for cover. She holds a silenced pistol at the ready, giving the impression of preparing for a confrontation. A cleaning cart filled with supplies is parked nearby, adding to the typical hotel corridor setting with multiple doors visible along the hallway. The maid is speaking.",I can fluff your pillow the easy way or the hard way.,Her comment suggests that the person inside is resisting having the pillow fluffed,0.5,12
454,,101.0,"On the ledge of a tall building in an urban cityscape, a man in a suit standing inside a window speaks to three individuals precariously standing on the ledge: a clergyman, a police officer, and a firefighter, all dressed in their respective uniforms, and positioned like they might jump off.",Excuse me—does this joke need a lawyer?,"This implies that the man in the suit (likely a lawyer) might also be suicidal, commenting on the profession",0.5,36
383,,137.0,"In a therapy session, a therapist sits on a chaise lounge, holding a notepad and smiling attentively at the patient. The patient, standing confidently on the chaise lounge, holds up two nautical flags with diagonal cross patterns, one in each hand, as if making an important or theatrical gesture.",And when did you first come to believe that your conversations were being recorded?,"The man is communicating with nautical flags to avoid being recorded, which he believes is hapening",0.5,24
323,,65.0,"In a business setting, a mixure of business people and cartoonish robots sit around a board room table, taking a vote. All of the robots are raising their hands, while only one human is nervously raising his hand, sitting between two robots. At the head of the table, an old man leading the table leans over and yells furiously at the human raising his hand.","They're programmed to be idiots, Higgins. What's your excuse?","Posing a vote that only ""idiots"" would vote for is absurd, and specifically building robots to vote for it is even more absurd.",0.5,12
373,,127.0,"On a frozen lake, a man sits on a bucket next to an ice-fishing hut, holding a fishing rod. Instead of a traditional round hole, the ice has been cut into a person-shaped silhouette, with the fishing line lowered into the outline. Nearby, another man stands watching the scene, bundled up in winter clothing.",He's got a new fish-whispering technique.,The caption reframes this scenario as an innovative fishing method,0.5,24
3,,2.0,"A group of adults dressed in business attire are seated around a table in a meeting. However, the scene is inside of a bus or subway car, with handles and windows. The person at the head of the table is speaking.","Frank called to say he'll be late, he's stuck at the office.",This is specifically a wordplay reversing the more common phrase “being late to the office while stuck in transit”.,0.5,12
281,,7.0,"In a bedroom, a couple is in bed. The wife is sitting upright, while the husband who is speaking is laying down. Next to the bed is a nightstand under a window. Through the window is a view of outer space, with all of Earth visible. The window is open with the curtains drawn.",It's just the wind.,The man's nonchalant attitude juxtaposes the otherwise absurd situation,0.5,24
171,,137.0,"In a therapy session, a therapist sits on a chaise lounge, holding a notepad and smiling attentively at the patient. The patient, standing confidently on the chaise lounge, holds up two nautical flags with diagonal cross patterns, one in each hand, as if making an important or theatrical gesture.",And when did you first come to believe that your conversations were being recorded?,"""And when did you first ..."" is a common phrase in therapy",0.5,24
31,,27.0,"Several men in suits are seated around a boardroom table with coffee mugs and documents. At the head of the table, one man is standing with his arms crossed. Everyone seated has a parrot sitting on their shoulder. One seated person with a parrot is speaking angrily to the man to his left.","Well, it's not my fault booty revenues are down this quarter.","Parrots and ""booty"" are both concepts tied to pirates, implying that the company is actually a pirate operation",0.5,24
115,,101.0,"On the ledge of a tall building in an urban cityscape, a man in a suit standing inside a window speaks to three individuals precariously standing on the ledge: a clergyman, a police officer, and a firefighter, all dressed in their respective uniforms, and positioned like they might jump off.",Excuse me—does this joke need a lawyer?,"The caption breaks the fourth wall, framing the absurd scene (clergyman, cop, firefighter, and a man in a suit on a ledge) as part of a joke, like a classic “walks into a bar” setup.",0.5,36
213,,665.0,"Two sharks are facing each other in the ocean. A person, visible only from the waist down, is standing on the back one of the sharks. The sharks have a slightly bewildered expression. The shark carrying the person is speaking.",How about some help carrying the groceries?,"To the sharks, the person is the groceries",0.5,12
10,,8.0,"A woman is speaking on the phone, smiling while looking into a fish bowl. Inside the fishbowl are three fish, as well as a miniature desert island with two little palm trees. On the island, a tiny bald man in glasses is sitting with a straight face, his hands on his knees.",We decided on separate vacations this year.,"This likens the fishbowl island to a beach resort, implying that the man is on vacation.",0.5,24
158,,127.0,"On a frozen lake, a man sits on a bucket next to an ice-fishing hut, holding a fishing rod. Instead of a traditional round hole, the ice has been cut into a person-shaped silhouette, with the fishing line lowered into the outline. Nearby, another man stands watching the scene, bundled up in winter clothing.",He's got a new fish-whispering technique.,"A third person is implied to be under the ice, suggested by the human-shaped hole.",0.5,24
7,,7.0,"In a bedroom, a couple is in bed. The wife is sitting upright, while the husband who is speaking is laying down. Next to the bed is a nightstand under a window. Through the window is a view of outer space, with all of Earth visible. The window is open with the curtains drawn.",It's just the wind.,This is a play on words on the dual meaning of wind to mean either typical wind or solar wind.,0.5,24
268,,705.0,"Two cowboys on horseback survey a chaotic scene in the desert where a large, modern espresso machine has been overturned, spilling coffee beans and equipment everywhere. A campfire burns nearby, and cacti dot the landscape. One cowboy appears to be speaking to the other.",Americanos.,"The scene is in Mexico, and they identify the people they're tracking as American",0.5416666666666666,24
401,,165.0,"In a stone-walled balcony scene, a robed king wearing a crown stands within an arched recess. In front of him, two attendants in medieval-style clothing each hold large baskets and scatter paper currency down to a crowd with outstretched arms. Two other men, also in medieval clothing, stand off to the side on the balcony, speaking to each other.",Looks like another ye olde stimulus package.,The caption is sarcastically criticizing stimulus packages,0.5416666666666666,24
502,CS175478,,"In an office marked by a sign reading “Glexco Insurance,” a suited man behind a desk is speaking while holding up a document. Across from him, another man sits with a slightly tense or apprehensive posture, looking toward the man behind the desk. The desk has a computer and papers on it.",I think you misunderstood. The million dollar umbrella policy only covers you for claims involving an umbrella.,Vaguely worded insurance policies are a common frustration,0.5416666666666666,24
405,,660.0,"A doctor, wearing a lab coat and stethoscope, is reading from a clipboard while standing next to a patient who is dressed as a king, complete with a crown and a fur-lined robe. The king is sitting on an examination table, looking up at the doctor. The setting appears to be a typical doctor's office. The doctor is speaking.",The robe is supposed to open in the back.,The robe opening in the front implies that the King's privates are exposed,0.5416666666666666,24
374,,127.0,"On a frozen lake, a man sits on a bucket next to an ice-fishing hut, holding a fishing rod. Instead of a traditional round hole, the ice has been cut into a person-shaped silhouette, with the fishing line lowered into the outline. Nearby, another man stands watching the scene, bundled up in winter clothing.",Ice fishing and skydiving—who says they don't go together?,"This would certainly kill the skydiver, making it absurd",0.5416666666666666,24
200,,165.0,"In a stone-walled balcony scene, a robed king wearing a crown stands within an arched recess. In front of him, two attendants in medieval-style clothing each hold large baskets and scatter paper currency down to a crowd with outstretched arms. Two other men, also in medieval clothing, stand off to the side on the balcony, speaking to each other.",Looks like another ye olde stimulus package.,"In this time period, they would have no concept of stimulus packages",0.5416666666666666,24
471,CS175478,,"In an office marked by a sign reading “Glexco Insurance,” a suited man behind a desk is speaking while holding up a document. Across from him, another man sits with a slightly tense or apprehensive posture, looking toward the man behind the desk. The desk has a computer and papers on it.",I think you misunderstood. The million dollar umbrella policy only covers you for claims involving an umbrella.,"Typically, an ""umbrella"" polciy offeres more extensive coverage. However, this interprets it literally as insuring a person's umbrella",0.5416666666666666,24
205,,660.0,"A doctor, wearing a lab coat and stethoscope, is reading from a clipboard while standing next to a patient who is dressed as a king, complete with a crown and a fur-lined robe. The king is sitting on an examination table, looking up at the doctor. The setting appears to be a typical doctor's office. The doctor is speaking.",The robe is supposed to open in the back.,"Hospital gowns open in the back, whereas royal robes open in the front",0.5416666666666666,24
346,,106.0,"In a laboratory, a man in a lab coat is holding a stack of papers and reading from one of them, with a clipboard under one arm. Beside him, a monkey is using a typewrighter on a desyk, with half of a page sticking out. Behind them, several monkeys are in cages stacked on top of each other, holding the bars of the cage. One monkey in a cage is reading from a stack of papers. ","Sorry, guys. It's another rejection letter.","This specifically points out that in the infinite monkey theorem, along with writing a masterpiece, they will also produce a near infinite amount of bad work.",0.5416666666666666,24
434,,705.0,"Two cowboys on horseback survey a chaotic scene in the desert where a large, modern espresso machine has been overturned, spilling coffee beans and equipment everywhere. A campfire burns nearby, and cacti dot the landscape. One cowboy appears to be speaking to the other.",Americanos.,Americano is a type of coffee,0.5416666666666666,24
159,,127.0,"On a frozen lake, a man sits on a bucket next to an ice-fishing hut, holding a fishing rod. Instead of a traditional round hole, the ice has been cut into a person-shaped silhouette, with the fishing line lowered into the outline. Nearby, another man stands watching the scene, bundled up in winter clothing.",Ice fishing and skydiving—who says they don't go together?,The hole was made by skydiving into the frozen lake,0.5416666666666666,24
124,,106.0,"In a laboratory, a man in a lab coat is holding a stack of papers and reading from one of them, with a clipboard under one arm. Beside him, a monkey is using a typewrighter on a desyk, with half of a page sticking out. Behind them, several monkeys are in cages stacked on top of each other, holding the bars of the cage. One monkey in a cage is reading from a stack of papers. ","Sorry, guys. It's another rejection letter.",This is a reference to the infinite monkey theorem.,0.5416666666666666,24
451,,96.0,"A pregnant woman, wearing primitive clothing, sits on a large tree branch or vine, holding her belly and speaking. Tarzan, shirtless and wearing a loincloth, stands nearby, leaning against a tree. The background features trees and jungle foliage.","Fine. If it's a boy, we'll call him Boy. But if it's a girl I want to call her McKenzie.",Couples deciding who gets to choose the name based on the gender is a common situation,0.5555555555555556,36
110,,96.0,"A pregnant woman, wearing primitive clothing, sits on a large tree branch or vine, holding her belly and speaking. Tarzan, shirtless and wearing a loincloth, stands nearby, leaning against a tree. The background features trees and jungle foliage.","Fine. If it's a boy, we'll call him Boy. But if it's a girl I want to call her McKenzie.","In the 1939 film ""Tarzan Finds a Son!"" Tarzan and Jane adopt a stranded orphan and name him ""Boy""",0.5555555555555556,36
336,,96.0,"A pregnant woman, wearing primitive clothing, sits on a large tree branch or vine, holding her belly and speaking. Tarzan, shirtless and wearing a loincloth, stands nearby, leaning against a tree. The background features trees and jungle foliage.","Fine. If it's a boy, we'll call him Boy. But if it's a girl I want to call her McKenzie.","Jane's suggestion of the more modern ""McKenzie"" juxtaposes the primitive theme of Tarzan",0.5555555555555556,36
146,,120.0,"In a bar setting, a man in a suit and tie sits at the counter, glancing curiously at the patron next to him—a life-sized Mr. Potato Head figure. The Mr. Potato Head is outfitted with exaggerated facial features, including a large nose, oversized ears, and a small bowler hat. It rests its potato-shaped arms on the counter, casually holding a beer mug as if it’s just another customer. The bar",My wife left me for Mr. Peanut.,"Mr. Penut is another familiar character of anthropomorphized food with the name ""Mr. ___""",0.5833333333333334,24
365,,120.0,"In a bar setting, a man in a suit and tie sits at the counter, glancing curiously at the patron next to him—a life-sized Mr. Potato Head figure. The Mr. Potato Head is outfitted with exaggerated facial features, including a large nose, oversized ears, and a small bowler hat. It rests its potato-shaped arms on the counter, casually holding a beer mug as if it’s just another customer. The bar",My wife left me for Mr. Peanut.,"The similarity suggests that his wife had a “type"" for anthropomorphized foods",0.5833333333333334,24
140,,115.0,"In a bar setting, two individuals sit next to each other at the counter. One is a man in a suit and tie, holding a martini glass and speaking to the person beside him. The other person is wearing a full hazmat suit, complete with a helmet and radioactive symbol, and is holding a glass of liquid on a coaster. The bar features standard items like napkins, bottles, and a coffee pot, while a window behind them provides a view of the outside world.","Trust me, background radiation—it's the new secondhand smoke.",This suggests that the man always wears the hazmat suit in his day-to-day life,0.5833333333333334,36
102,,83.0,"A group of people is sitting and talking casually in a living room. However, the room is filled with absurdly oversized household items, including giant lamps towering over the furniture and a massive telephone in the foreground. In the background, a separate room is visible, filled with a giant toaster and other huge kitchen appliances.","It's down the hall, but don't fall in.",The host is telling the guest how to find the bathroom,0.5833333333333334,24
64,,51.0,"In a courtroom setting, a man is sitting in a chair in the witness stand. One of the man's hands is replaced by a metal hook. A lawyer is standing in front of the man and the judge, reading from a document. The judge is looking at the witness.",When did you first encounter my client's balloon?,The man is on trial for popping the balloon with his hook,0.5833333333333334,12
399,,156.0,"In a bar setting, a man in a suit, wearing high-heeled shoes, sits at the counter with his legs crossed. He holds a mug in one hand and appears to be speaking. Next to him, a woman with a short haircut sips from a stemmed glass, listening. Behind them, a row of bottles and a window with blinds complete the casual scene.","Actually, I'm not crazy about long walks on the beach.",The high heels are poorly suited for walking on sand,0.5833333333333334,24
457,,115.0,"In a bar setting, two individuals sit next to each other at the counter. One is a man in a suit and tie, holding a martini glass and speaking to the person beside him. The other person is wearing a full hazmat suit, complete with a helmet and radioactive symbol, and is holding a glass of liquid on a coaster. The bar features standard items like napkins, bottles, and a coffee pot, while a window behind them provides a view of the outside world.","Trust me, background radiation—it's the new secondhand smoke.",This mocks people who go to extreme lengths to avoid negative health impacts,0.5833333333333334,36
421,,683.0,"A caveman couple walks towards a tall stone tower with several windows, looking up and waving. Another caveman couple are looking out from the top window, waving back down and smiling. The landscape is barren with a few palm trees in the distance.",I guarantee he brings up the whole discovering-fire thing within the first five minutes.,This imagines the caveman frequently brings this up to impress women,0.5833333333333334,12
120,,104.0,"Two angels, complete with wings and halos, sit on a street curb against a brick wall, drinking from bottles. A police car with two officers, also angels with wings and halos, drives in front of them. The scene is parially a dirty city with trash cans and a boarded up window, and partially swirling clouds reminiscent of heaven.",They have a really hard time meeting their quota.,"The specific reason they have trouble meeting quotas is, because everyone in heaven is good, the police would have nobody to arrest",0.5833333333333334,12
465,CC29456,,"Six people sit around a conference table in an office. One man at the head of the table, who appears to be speaking, holds up a holiday card depicting snow and several small trees. An easel behind him displays a bar chart, and the other attendees—four men and one woman—look toward him as he shows the card.",Season’s Greetings’ looks O.K. to me. Let’s run it by the legal department.,"""Season's greetings"" is a mundane statement that would not need to be run by a legal department",0.5833333333333334,24
134,,112.0,"In a prehistoric setting, two cavemen look into the barrel of an enormous revolver gun lying on the ground. One caveman is on his hands and knees peering into the gun with his spear on the ground next to him, speaking to the other, who is kneeling.",We're gonna need a bigger spear.,"This is a play on the famous quote from the movie Jaws, ""we're gonna need a bigger boat""",0.5833333333333334,24
409,,664.0,"In a courtroom, a judge leans forward, angrily speaking to a man dressed in a magician's outfit complete with a top hat and wand, who is seated in the witness stand. A woman stands nearby holding a document, observing the interaction. The scene is set with the American flag and another flag in the background, adding to the formal courtroom atmosphere. The judge is speaking.",We know you're guilty. Now we want to know how you did it.,The court would not assume guilt like this,0.5833333333333334,24
361,,115.0,"In a bar setting, two individuals sit next to each other at the counter. One is a man in a suit and tie, holding a martini glass and speaking to the person beside him. The other person is wearing a full hazmat suit, complete with a helmet and radioactive symbol, and is holding a glass of liquid on a coaster. The bar features standard items like napkins, bottles, and a coffee pot, while a window behind them provides a view of the outside world.","Trust me, background radiation—it's the new secondhand smoke.","A ""secondhand smoke"" in this setting means something common that is only later discovered to be harmful, humorously suggesting that background radiation (which has always been present) was discovered to be harmful",0.5833333333333334,36
211,,664.0,"In a courtroom, a judge leans forward, angrily speaking to a man dressed in a magician's outfit complete with a top hat and wand, who is seated in the witness stand. A woman stands nearby holding a document, observing the interaction. The scene is set with the American flag and another flag in the background, adding to the formal courtroom atmosphere. The judge is speaking.",We know you're guilty. Now we want to know how you did it.,"Typically ""we want to know how you did it"" refers to a magician's trick, but here, refers to a crime.",0.5833333333333334,24
498,CC29456,,"Six people sit around a conference table in an office. One man at the head of the table, who appears to be speaking, holds up a holiday card depicting snow and several small trees. An easel behind him displays a bar chart, and the other attendees—four men and one woman—look toward him as he shows the card.",Season’s Greetings’ looks O.K. to me. Let’s run it by the legal department.,"You wouldn’t need to keep getting legal approval, specifically because the holidays happen every year",0.5833333333333334,24
355,,112.0,"In a prehistoric setting, two cavemen look into the barrel of an enormous revolver gun lying on the ground. One caveman is on his hands and knees peering into the gun with his spear on the ground next to him, speaking to the other, who is kneeling.",We're gonna need a bigger spear.,This implies that whatever was using the gun would be so large that the cavemen's spears would be ineffective,0.5833333333333334,24
332,,83.0,"A group of people is sitting and talking casually in a living room. However, the room is filled with absurdly oversized household items, including giant lamps towering over the furniture and a massive telephone in the foreground. In the background, a separate room is visible, filled with a giant toaster and other huge kitchen appliances.","It's down the hall, but don't fall in.","They are giving directions to the bathroom, and the toilet would be so big that you might fall in",0.5833333333333334,24
259,,697.0,"A man in tattered clothes and a blindfold ""walks the plank"" from a subway train onto the platform, while typical pirate captain with an eye patch, hat, parrot, and peg leg, along with a shirtless crew member with a bandana watch from the train's doorway. The scene is absurdly set in a modern subway station. The crew member is speaking from behind the captain.",No one crosses the Pirates of Penn Station.,"This replaces ""Penzance"" with ""Penn Station"" to address the train setting",0.5833333333333334,12
196,,156.0,"In a bar setting, a man in a suit, wearing high-heeled shoes, sits at the counter with his legs crossed. He holds a mug in one hand and appears to be speaking. Next to him, a woman with a short haircut sips from a stemmed glass, listening. Behind them, a row of bottles and a window with blinds complete the casual scene.","Actually, I'm not crazy about long walks on the beach.","Long walks on the beach are a cliche romantic desire, matching the intimate setting",0.5833333333333334,24
256,,695.0,"A slice of bread with a face, arms, and legs, wearing a bow tie, stands in front of a restaurant podium. Behind the podium is a surprised-looking host with a bald head and a bow tie, holding a pen and a notepad. The host is speaking to the bread, who looks disappointed.",You’re in luck. A slot for you just opened up in our kitchen.,The slot he is referring to is a toaster slot,0.5833333333333334,12
89,,72.0,"A man dressed in a suit and tie is walking on a tightrope stretched between two buildings, using a long balancing pole for support. Another man, also in a suit, watches from a nearby opened window in one of the buildings, speaking to the tightrope walker.",And make mine a decaf.,This caption implies that the man in the window sent his coworker on this dangerous mission to get coffee.,0.625,24
84,,65.0,"In a business setting, a mixure of business people and cartoonish robots sit around a board room table, taking a vote. All of the robots are raising their hands, while only one human is nervously raising his hand, sitting between two robots. At the head of the table, an old man leading the table leans over and yells furiously at the human raising his hand.","Jenkins, if I want another yes-man I'll build one.",The boss built the robots just to sit there and agree with him.,0.625,24
143,,117.0,"In an unusually large and sparsely furnished room, a circular, solid barrier decorated with stars encloses a small seating area. Inside the enclosure, two individuals, appearing very small in comparison to the vast room, sit in armchairs, each holding a glass of wine, seemingly engaged in a casual conversation. The enclosed space includes side tables with lamps, emphasizing a cozy yet isolated atmosphere within the expansive and minimally decorated surroundings.",My wife will be here any moment. She's loading herself into the cannon as we speak.,"The ""human cannonball"" is a classic circus performance",0.625,24
41,,32.0,"In the cartoon, a person dressed in a full rabbit costume, carrying a briefcase and reading a sheet of paper, walks down a hallway in a typical office setting. Two business-suited colleagues stand nearby, looking somewhat puzzled, while another person peeks out from an office doorway.",It's not just Henderson. Corporate laid off the entire bunny division.,"The caption interprets the man in the rabbit suit as reading a pink slip, having just been fired",0.625,24
119,,104.0,"Two angels, complete with wings and halos, sit on a street curb against a brick wall, drinking from bottles. A police car with two officers, also angels with wings and halos, drives in front of them. The scene is parially a dirty city with trash cans and a boarded up window, and partially swirling clouds reminiscent of heaven.","I don't mind cops, but you'd think God would have let in at least one exhaust specialist.","The caption is implying that the swirling clouds are actually smog, not heavenly clouds",0.625,24
303,,32.0,"In the cartoon, a person dressed in a full rabbit costume, carrying a briefcase and reading a sheet of paper, walks down a hallway in a typical office setting. Two business-suited colleagues stand nearby, looking somewhat puzzled, while another person peeks out from an office doorway.",It's not just Henderson. Corporate laid off the entire bunny division.,Implies that there is an entire section of the company that dresses like rabbits,0.625,24
390,,146.0,"In an office setting, a stick figure with a simple, smiling face sits across a desk from a businessman in a suit. The businessman, holding a document, is speaking to the stick figure. A desk phone sits in the foreground, and framed artwork decorates the walls, adding to the formal atmosphere.","I'm sorry, this is Tic-Tac-Toe—applications for Hangman are down the hall.",This stick figure is applying to be the character in hangman,0.625,24
325,,72.0,"A man dressed in a suit and tie is walking on a tightrope stretched between two buildings, using a long balancing pole for support. Another man, also in a suit, watches from a nearby opened window in one of the buildings, speaking to the tightrope walker.",And make mine a decaf.,"Getting coffee is a relatively unimportant task, contrasting with the life and death consequences of the tight rope.",0.625,24
344,,104.0,"Two angels, complete with wings and halos, sit on a street curb against a brick wall, drinking from bottles. A police car with two officers, also angels with wings and halos, drives in front of them. The scene is parially a dirty city with trash cans and a boarded up window, and partially swirling clouds reminiscent of heaven.","I don't mind cops, but you'd think God would have let in at least one exhaust specialist.","If heaven were perfect, it would not need cops nor would it have smog",0.625,24
322,,65.0,"In a business setting, a mixure of business people and cartoonish robots sit around a board room table, taking a vote. All of the robots are raising their hands, while only one human is nervously raising his hand, sitting between two robots. At the head of the table, an old man leading the table leans over and yells furiously at the human raising his hand.","Jenkins, if I want another yes-man I'll build one.","The boss is demanding pushback from his human employees, explaining why none of the others are raisning their hands.",0.625,24
186,,146.0,"In an office setting, a stick figure with a simple, smiling face sits across a desk from a businessman in a suit. The businessman, holding a document, is speaking to the stick figure. A desk phone sits in the foreground, and framed artwork decorates the walls, adding to the formal atmosphere.","I'm sorry, this is Tic-Tac-Toe—applications for Hangman are down the hall.",The company must be in the business of pen-and-paper games,0.625,24
363,,117.0,"In an unusually large and sparsely furnished room, a circular, solid barrier decorated with stars encloses a small seating area. Inside the enclosure, two individuals, appearing very small in comparison to the vast room, sit in armchairs, each holding a glass of wine, seemingly engaged in a casual conversation. The enclosed space includes side tables with lamps, emphasizing a cozy yet isolated atmosphere within the expansive and minimally decorated surroundings.",My wife will be here any moment. She's loading herself into the cannon as we speak.,The man implies that his whole household is a circus,0.625,24
208,,662.0,"A wedding ceremony is taking place, but the bride and groom are dressed as vikings, complete with animal skins, viking helmet, wrapped footwear, and one holding a spear while the other holds a sword. They stand under a decorated archway, facing a minister who is reading from a book. On the left, bridesmaids in traditional dresses hold bouquets, and on the right, groomsmen in tuxedos stand attentively. One of the bridesmaids is turned back, speaking to another bridesmaid.",Did you see the rock he gave her?,"While ""rock"" typically refers to a diamond in this context, because the vikings are primitive, literally means a rock",0.6666666666666666,12
277,,710.0,"A bird wearing a fedora hat sits in nest atop a branch, playing a guitar with a microphone on a stand in front of it, appearing as a musician. Below, two people stand on the ground with binoculars, looking up at the peculiar scene. One of the birdwatchers is speaking.",A group of them is called a band.,"This plays on the notion that groups of animals often have unusual names (like a murder of crows, pride of lions, or gaggle of geese)",0.6666666666666666,12
287,,16.0,"As a group of people exits a grand church doorway dressed in typical church attire, a pastor in a typical black suit and roman collar stands next to the Devil, complete with horns, trident, robe, and tail. They watch the procession pass by, as the pastor is explaining something to the devil. One passerby tips his hat at the pastor and devil.",I think it's important for them to hear both sides of the debate.,This plays on the trope of good and evil being personified as a devil and angel arguing,0.6666666666666666,24
207,,661.0,"In a whimsical scene, a woman resembling Snow White stands in a field, surrounded by seven dwarfs who are all joyfully roller-skating. The dwarfs are smiling and appear to be having a great time, while a distant castle is visible on a hill in the background. Snow White looks surprised and amused by the dwarfs' antics. Snow White is speaking.",Let’s keep Clumsy in our prayers.,"This imagines a dwarf named ""clumsy""",0.6666666666666666,24
407,,661.0,"In a whimsical scene, a woman resembling Snow White stands in a field, surrounded by seven dwarfs who are all joyfully roller-skating. The dwarfs are smiling and appear to be having a great time, while a distant castle is visible on a hill in the background. Snow White looks surprised and amused by the dwarfs' antics. Snow White is speaking.",Let’s keep Clumsy in our prayers.,"The dwarf ""clumsy"" must have died roller skating, because of his clumsy nature",0.6666666666666666,24
18,,16.0,"As a group of people exits a grand church doorway dressed in typical church attire, a pastor in a typical black suit and roman collar stands next to the Devil, complete with horns, trident, robe, and tail. They watch the procession pass by, as the pastor is explaining something to the devil. One passerby tips his hat at the pastor and devil.",I think it's important for them to hear both sides of the debate.,It downplays the seriousness of religion by portraying the Devil as merely the “other side” in a casual debate,0.6666666666666666,24
70,,57.0,"Two men in a living room stand by a fireplace, above which a large, mounted fish is displayed. One man’s hand is inside the fish’s open mouth—indicating the fish is biting him. The other man stands nearby, holding a cup and looking on.",Watch out for the moose head in the parlor.,The caption hints that other mounted animals may also be animated.,0.6666666666666666,12
125,,108.0,"A caveman is sweeping inside his garage-like wooden structure with a shop-like display, while two others stand inside a rock cave, speaking to each other. Volcanic activity in the background emphasizes the prehistoric setting","Yeah, but the weirdest thing was, once he built it, I suddenly felt compelled to give him a list of things to do around it.","This is a play on the stereotype of ""honey-do"" lists",0.6666666666666666,12
234,,680.0,"In a fancy restaurant, a drenched bear stands dripping water onto the floor, forming a puddle. Across from the bear, a man in a suit sits at a table, calmly reading a menu labeled ""Market St"" with a glass of wine and a basket of bread in front of him. The bear appears to be waiting for something, while the man orders from the menu, unfazed by the bear's presence. ",Is it too late to cancel the salmon?,"Typically, it would be ""too late"" because the kitchen had made it, but here it's because the bear already caught the fish",0.6666666666666666,12
32,,27.0,"Several men in suits are seated around a boardroom table with coffee mugs and documents. At the head of the table, one man is standing with his arms crossed. Everyone seated has a parrot sitting on their shoulder. One seated person with a parrot is speaking angrily to the man to his left.","Shut up, Bob, everyone knows your parrot's a clip-on.",This caption likens the parrots to accessories like ties.,0.6666666666666666,12
142,,117.0,"In an unusually large and sparsely furnished room, a circular, solid barrier decorated with stars encloses a small seating area. Inside the enclosure, two individuals, appearing very small in comparison to the vast room, sit in armchairs, each holding a glass of wine, seemingly engaged in a casual conversation. The enclosed space includes side tables with lamps, emphasizing a cozy yet isolated atmosphere within the expansive and minimally decorated surroundings.",Welcome to the greatest living room on Earth!,"This directly mimics the phrase “Greatest Show on Earth,” associated with circuses",0.6666666666666666,12
482,CC125700,,"In an office setting with a stock ticker running across the top, a man in a shirt and tie sits behind a desk with a laptop, speaking to a large bear seated across from him. The man holds a coffee mug. Behind them are windows with a cityscape, and some charts and graphs on the walls.","Of all the markets, in all the world, you had to walk into mine.","This plays on the phrase ""bear market"" ",0.7083333333333334,24
59,,47.0,"In an office setting, two people are sitting calmly at a desk, seemingly engaged in a business conversation. Meanwhile, through the large glass window behind them, a chaotic chase is unfolding as individuals dressed in business attire armed with various weapons— a hammer, bat, and gun—are running after another man, with his tie trailing him. One man sitting down is speaking to the other.","Just remember to keep away from Fletcher's wife, and Davidson's daughter, and Harris's iPod.","The man in the background is being chased because he must have encroached on the coworkers wife, daugher, and ipod.",0.7083333333333334,24
37,,30.0,"In a doctor’s office, a doctor wearing a lab coat and head mirror is speaking to a patient seated across the desk. The patient, dressed in a suit, is facing the doctor, seemingly engaged in conversation. However, standing behind the doctor is a mysterious figure wearing a trench coat, hat, and dark glasses, with their hands in their pockets. The desk between them holds a stethoscope, a notepad, a pen on a stand, and another small object.","Instead of an expensive, invasive procedure, we've decided to beat it out of you.","This plays on the phrase “beat it out of you,” taking it as literally removing something instead of its figurative meaning of coercing information.",0.7083333333333334,24
509,CC125700,,"In an office setting with a stock ticker running across the top, a man in a shirt and tie sits behind a desk with a laptop, speaking to a large bear seated across from him. The man holds a coffee mug. Behind them are windows with a cityscape, and some charts and graphs on the walls.","Of all the markets, in all the world, you had to walk into mine.",The man is upset because a bear market is bad for investors,0.7083333333333334,24
86,,71.0,"A doctor stands in an examination room, clipboard in hand, speaking to a patient who is physically separated into three parts—head, torso with crossed arms, and lower body—all resting on an exam table. The patient’s head, wearing glasses, is on one side of the torso, and the legs dangle at the other end. Despite the unusual situation, the doctor is casually reading from a clipboard.",The good news is all the pieces fit.,"The good news doesn’t matter, since you couldn't just put him back together",0.7083333333333334,24
232,,679.0,"A king with a long beard and a crown sits on a throne surrounded by various potted cacti and a Venus flytrap. A knight in armor stands to the right, holding a sword and speaking to the king. The scene is set in a desert-like environment, with the king appearing contemplative.","Well, after you beheaded the groundskeeper, we had to go with something low-maintenance.",This mocks kings' tendencies to execute people for minor things,0.7083333333333334,24
113,,101.0,"On the ledge of a tall building in an urban cityscape, a man in a suit standing inside a window speaks to three individuals precariously standing on the ledge: a clergyman, a police officer, and a firefighter, all dressed in their respective uniforms, and positioned like they might jump off.","I know this may not be a good time, but the rioters are burning down the cathedral!","This exact situation would require all three individuals: The policeman for the riot, the fireman for the fire, and the clergyman for the Cathedral",0.7083333333333334,24
226,,675.0,"At a crowded party, a deep-sea diver and an astronaut, both in full gear covering their bodies and heads, stand holding drinks. A woman with a drink in hand is playfully tapping the astronaut's backpack. The other partygoers in the background are engaged in conversation, creating a lively atmosphere. The woman is speaking.",Didn’t I say you wouldn’t be the only one wearing a suit?,The woman is consoling him about being overdressed,0.7083333333333334,24
220,,671.0,"Two woolly mammoths are standing in a cave. One mammoth has several tiny cavemen on its back, each holding a spear and appearing to be attacking the mammoth. The mammoth without cavemen looks at the other mammoth, who is speaking with a slight grimace. The scene is set against a backdrop of cave walls.",The doctor says they’ll be gone in a few million years,"In reality, the humans survive and the mammoths were gone in a few million years",0.7083333333333334,24
299,,30.0,"In a doctor’s office, a doctor wearing a lab coat and head mirror is speaking to a patient seated across the desk. The patient, dressed in a suit, is facing the doctor, seemingly engaged in conversation. However, standing behind the doctor is a mysterious figure wearing a trench coat, hat, and dark glasses, with their hands in their pockets. The desk between them holds a stethoscope, a notepad, a pen on a stand, and another small object.","Instead of an expensive, invasive procedure, we've decided to beat it out of you.",The caption implies that the patient has something in their body that needs medical attention to be removed.,0.7083333333333334,24
312,,47.0,"In an office setting, two people are sitting calmly at a desk, seemingly engaged in a business conversation. Meanwhile, through the large glass window behind them, a chaotic chase is unfolding as individuals dressed in business attire armed with various weapons— a hammer, bat, and gun—are running after another man, with his tie trailing him. One man sitting down is speaking to the other.","Just remember to keep away from Fletcher's wife, and Davidson's daughter, and Harris's iPod.",Messing with a coworkers ipod is a seemingly minor offense compared to their wife or daughter,0.7083333333333334,24
184,,145.0,"A muscular, humanoid monster clings to the side of a building, positioned just inches away from a window. Inside, a man holding a glass of wine stands by the window, smiling and casually talking on the phone, seemingly unfazed by the creature’s presence. The monster’s imposing figure looms right next to him, with the city skyline in the background.",Better make that a large pizza.,The man is calling to order a pizza,0.7083333333333334,24
324,,71.0,"A doctor stands in an examination room, clipboard in hand, speaking to a patient who is physically separated into three parts—head, torso with crossed arms, and lower body—all resting on an exam table. The patient’s head, wearing glasses, is on one side of the torso, and the legs dangle at the other end. Despite the unusual situation, the doctor is casually reading from a clipboard.",The good news is all the pieces fit.,"Saying ""the good news is..."" is done along with divulging the ""bad news,"" presumably being that the man in chopped into three pieces.",0.7083333333333334,24
179,,143.0,"In a hallway with closed doors, two businessmen in suits and ties walk past each other, each carrying a briefcase. One of the men has an inflated sex doll casually slung under his shoulder, its arms and legs sticking out. The other man glances at him with a neutral expression, as if trying to process the sight. The man carrying the doll is speaking.",I couldn't find a real naked woman to ride with me in the H.O.V. lane.,The man is pretending the doll is a person to drive solo in an HOV lane,0.7083333333333334,24
338,,101.0,"On the ledge of a tall building in an urban cityscape, a man in a suit standing inside a window speaks to three individuals precariously standing on the ledge: a clergyman, a police officer, and a firefighter, all dressed in their respective uniforms, and positioned like they might jump off.","I know this may not be a good time, but the rioters are burning down the cathedral!","It ""might not be a good time"" because all three characters are about to commit suicide, replacing this dire situation with a somehow more urgent one",0.7083333333333334,24
377,,128.0,"In a cozy living room, a man and a woman lounge comfortably in armchairs, separated by a small table with a lamp and a coffee mug on it. The man is reading a newspaper, while the woman is reclining with her legs draped over the armrest, reading a book. Behind them looms their enormous dog, so large that it takes up nearly the entire room, its massive head resting on the back of the woman’s chair. The woman is speaking with a concerned look",Don't look at me that way—I wanted a giant cat.,"The ""giant cat"" preference would be equally rediculous",0.7083333333333334,24
389,,145.0,"A muscular, humanoid monster clings to the side of a building, positioned just inches away from a window. Inside, a man holding a glass of wine stands by the window, smiling and casually talking on the phone, seemingly unfazed by the creature’s presence. The monster’s imposing figure looms right next to him, with the city skyline in the background.",Better make that a large pizza.,"He plans on sharing the pizza with the monster, despite its unfriendly or dangerous appearance",0.7083333333333334,24
414,,671.0,"Two woolly mammoths are standing in a cave. One mammoth has several tiny cavemen on its back, each holding a spear and appearing to be attacking the mammoth. The mammoth without cavemen looks at the other mammoth, who is speaking with a slight grimace. The scene is set against a backdrop of cave walls.",The doctor says they’ll be gone in a few million years,This poses the humans on the mammoth's back like an illness,0.7083333333333334,24
417,,675.0,"At a crowded party, a deep-sea diver and an astronaut, both in full gear covering their bodies and heads, stand holding drinks. A woman with a drink in hand is playfully tapping the astronaut's backpack. The other partygoers in the background are engaged in conversation, creating a lively atmosphere. The woman is speaking.",Didn’t I say you wouldn’t be the only one wearing a suit?,"Instead of formal ""suits,"" they are in heavy-duty protective suits",0.7083333333333334,24
419,,679.0,"A king with a long beard and a crown sits on a throne surrounded by various potted cacti and a Venus flytrap. A knight in armor stands to the right, holding a sword and speaking to the king. The scene is set in a desert-like environment, with the king appearing contemplative.","Well, after you beheaded the groundskeeper, we had to go with something low-maintenance.",Cacti are famously low-maintenance plants,0.7083333333333334,24
162,,128.0,"In a cozy living room, a man and a woman lounge comfortably in armchairs, separated by a small table with a lamp and a coffee mug on it. The man is reading a newspaper, while the woman is reclining with her legs draped over the armrest, reading a book. Behind them looms their enormous dog, so large that it takes up nearly the entire room, its massive head resting on the back of the woman’s chair. The woman is speaking with a concerned look",Don't look at me that way—I wanted a giant cat.,This plays on the common situation where one partner blames the other for choosing a pet they didn’t prefer.,0.7083333333333334,24
387,,143.0,"In a hallway with closed doors, two businessmen in suits and ties walk past each other, each carrying a briefcase. One of the men has an inflated sex doll casually slung under his shoulder, its arms and legs sticking out. The other man glances at him with a neutral expression, as if trying to process the sight. The man carrying the doll is speaking.",I couldn't find a real naked woman to ride with me in the H.O.V. lane.,"Mentioning a real “naked” woman is unneccesary, as it is not necessary in the HOV lane for the passanger to be naked",0.7083333333333334,24
461,,660.0,"A doctor, wearing a lab coat and stethoscope, is reading from a clipboard while standing next to a patient who is dressed as a king, complete with a crown and a fur-lined robe. The king is sitting on an examination table, looking up at the doctor. The setting appears to be a typical doctor's office. The doctor is speaking.",Worse than a cold. It's a common cold.,"This is a play on the dual meaning of ""common""",0.7222222222222222,36
404,,660.0,"A doctor, wearing a lab coat and stethoscope, is reading from a clipboard while standing next to a patient who is dressed as a king, complete with a crown and a fur-lined robe. The king is sitting on an examination table, looking up at the doctor. The setting appears to be a typical doctor's office. The doctor is speaking.",Worse than a cold. It's a common cold.,"In this context, ""common"" is good news, but it's presented as bad news",0.7222222222222222,36
204,,660.0,"A doctor, wearing a lab coat and stethoscope, is reading from a clipboard while standing next to a patient who is dressed as a king, complete with a crown and a fur-lined robe. The king is sitting on an examination table, looking up at the doctor. The setting appears to be a typical doctor's office. The doctor is speaking.",Worse than a cold. It's a common cold.,"This mocks royal sensibilities of disliking ""common"" things",0.7222222222222222,36
479,CC120401,,"An anthropomorphic cat in a suit sits at a desk in an office. A city skyline can be seen through the window. He holds a telephone receiver to his ear, speaking into it, with one hand resting on the desk with a piece of string. On the desk are a notepad, pens, a telephone keypad, and a framed photo.",Can I call you back? I’m with a piece of string.,"This mimics the phrase, ""I'm with a client,"" implying the cat's job is to play with the string",0.75,12
